{
  "backend/prisma.config.ts": 1775673814.4278212,
  "backend/prisma/seeds/permissions.seed.ts": 1775675829.7832313,
  "backend/test/app.e2e-spec.ts": 1775673569.5989304,
  "backend/src/app.controller.ts": 1775673569.5989304,
  "backend/src/app.controller.spec.ts": 1775673569.5989304,
  "backend/src/app.service.ts": 1775673569.5989304,
  "backend/src/app.module.ts": 1776092819.425066,
  "backend/src/main.ts": 1776092797.881102,
  "backend/src/templates/templates.service.ts": 1776090791.1294377,
  "backend/src/templates/templates.module.ts": 1775842940.4689832,
  "backend/src/templates/templates.controller.ts": 1776090791.1294377,
  "backend/src/templates/templates-poll.processor.ts": 1775842929.6529365,
  "backend/src/templates/dto/create-template.dto.ts": 1776090791.1294377,
  "backend/src/queues/flow-delay.processor.ts": 1776090791.1294377,
  "backend/src/queues/follow-up.processor.ts": 1776090791.1294377,
  "backend/src/queues/queues.module.ts": 1776090791.1294377,
  "backend/src/queues/auto-close.processor.ts": 1776090791.1294377,
  "backend/src/queues/queues.constants.ts": 1775843723.7245135,
  "backend/src/queues/scheduler.service.ts": 1776090791.1294377,
  "backend/src/health/health.controller.ts": 1776092811.4810777,
  "backend/src/prisma/prisma.service.ts": 1776090791.1294377,
  "backend/src/prisma/prisma.module.ts": 1775673908.0161858,
  "backend/src/users/users.service.ts": 1776090791.1294377,
  "backend/src/users/users.module.ts": 1775675901.7556436,
  "backend/src/users/users.controller.ts": 1776090791.1294377,
  "backend/src/users/dto/invite-user.dto.ts": 1776090791.1294377,
  "backend/src/users/dto/update-user.dto.ts": 1775675870.5434654,
  "backend/src/teams/teams.controller.ts": 1776090791.1294377,
  "backend/src/teams/teams.module.ts": 1775676193.849279,
  "backend/src/teams/teams.service.ts": 1776090791.1294377,
  "backend/src/teams/dto/create-team.dto.ts": 1775676160.877097,
  "backend/src/teams/dto/update-team.dto.ts": 1775676164.489117,
  "backend/src/conversations/conversations.module.ts": 1775925363.692715,
  "backend/src/conversations/conversations.service.ts": 1776090791.1294377,
  "backend/src/conversations/conversations.controller.ts": 1776090791.1294377,
  "backend/src/conversations/dto/assign-conversation.dto.ts": 1775674672.5714216,
  "backend/src/conversations/dto/initiate-conversation.dto.ts": 1776090791.1294377,
  "backend/src/auth/auth.service.ts": 1776090791.1294377,
  "backend/src/auth/auth.module.ts": 1776092803.2090917,
  "backend/src/auth/auth.controller.ts": 1775673959.0283887,
  "backend/src/auth/dto/login.dto.ts": 1775673929.9282727,
  "backend/src/auth/dto/register.dto.ts": 1776090791.1294377,
  "backend/src/auth/strategies/jwt.strategy.ts": 1776099582.871525,
  "backend/src/permissions/permissions.service.ts": 1775675948.65591,
  "backend/src/permissions/permissions.module.ts": 1776090791.1294377,
  "backend/src/permissions/permissions.controller.ts": 1775675952.2839305,
  "backend/src/common/guards/jwt-auth.guard.ts": 1775673947.068341,
  "backend/src/common/guards/permissions.guard.ts": 1776090791.1294377,
  "backend/src/common/guards/webhook-signature.guard.ts": 1776090791.1294377,
  "backend/src/common/decorators/permissions.decorator.ts": 1775673943.836328,
  "backend/src/common/decorators/current-user.decorator.ts": 1775673940.6083152,
  "backend/src/quick-replies/quick-replies.module.ts": 1775925290.5760438,
  "backend/src/quick-replies/quick-replies.controller.ts": 1776090791.1294377,
  "backend/src/quick-replies/quick-replies.service.ts": 1776090791.1294377,
  "backend/src/quick-replies/dto/create-quick-reply.dto.ts": 1775925269.2638452,
  "backend/src/quick-replies/dto/update-quick-reply.dto.ts": 1775925272.351874,
  "backend/src/messages/messages.module.ts": 1775741018.2671256,
  "backend/src/messages/messages.controller.ts": 1776090791.1294377,
  "backend/src/messages/messages.service.ts": 1776091960.297743,
  "backend/src/messages/dto/send-message.dto.ts": 1775675325.848154,
  "backend/src/contacts/contacts.module.ts": 1776090791.1294377,
  "backend/src/contacts/contacts.service.ts": 1776090791.1294377,
  "backend/src/contacts/contacts.controller.ts": 1776090791.1294377,
  "backend/src/contacts/contact-import.processor.ts": 1775843750.6886377,
  "backend/src/contacts/dto/contact.dto.ts": 1776090791.1294377,
  "backend/src/whatsapp/whatsapp.service.ts": 1776092267.2497785,
  "backend/src/whatsapp/whatsapp.controller.ts": 1776090791.1294377,
  "backend/src/whatsapp/whatsapp.module.ts": 1776090791.1294377,
  "backend/src/whatsapp/dto/webhook.dto.ts": 1776090791.1294377,
  "backend/src/workspaces/workspaces.service.ts": 1776090791.1294377,
  "backend/src/workspaces/workspaces.module.ts": 1775757720.041982,
  "backend/src/workspaces/workspaces.controller.ts": 1776090791.1294377,
  "backend/src/workspaces/dto/follow-up-rule.dto.ts": 1776090791.1294377,
  "backend/src/workspaces/dto/whatsapp-account.dto.ts": 1775842331.178528,
  "backend/src/workspaces/dto/workspace-settings.dto.ts": 1776090791.1294377,
  "backend/src/pipelines/pipelines.controller.ts": 1776090791.1294377,
  "backend/src/pipelines/pipelines.module.ts": 1775758116.9081066,
  "backend/src/pipelines/pipelines.service.ts": 1776090791.1294377,
  "backend/src/pipelines/dto/pipeline.dto.ts": 1776090791.1294377,
  "backend/src/gateway/gateway.module.ts": 1775674664.727387,
  "backend/src/gateway/events.gateway.ts": 1776090791.1294377,
  "backend/src/roles/roles.module.ts": 1775675960.5799775,
  "backend/src/roles/roles.service.ts": 1776090791.1294377,
  "backend/src/roles/roles.controller.ts": 1776090791.1294377,
  "backend/src/roles/dto/update-role-permissions.dto.ts": 1775675924.1677713,
  "backend/src/roles/dto/create-role.dto.ts": 1775675921.295755,
  "backend/src/automation/flow-executor.service.ts": 1776090791.1294377,
  "backend/src/automation/automation.module.ts": 1775737583.956835,
  "backend/src/automation/automation.controller.ts": 1776090791.1294377,
  "backend/src/automation/flows.service.ts": 1776090791.1294377,
  "backend/src/automation/dto/create-flow.dto.ts": 1775677888.1226115,
  "frontend/next.config.ts": 1775676663.779832,
  "frontend/next-env.d.ts": 1775676663.779832,
  "frontend/src/contexts/AuthContext.tsx": 1775676770.8924062,
  "frontend/src/components/MessageBubble.tsx": 1775681374.5393028,
  "frontend/src/components/ConversationItem.tsx": 1775681360.8152454,
  "frontend/src/components/Sidebar.tsx": 1775681340.9431624,
  "frontend/src/components/ui/separator.tsx": 1775683654.8959165,
  "frontend/src/components/ui/button.tsx": 1775683654.8959165,
  "frontend/src/components/ui/textarea.tsx": 1775683654.8959165,
  "frontend/src/components/ui/badge.tsx": 1775682973.7626045,
  "frontend/src/components/ui/label.tsx": 1775683654.8959165,
  "frontend/src/components/ui/scroll-area.tsx": 1775683654.8959165,
  "frontend/src/components/ui/avatar.tsx": 1775683654.8959165,
  "frontend/src/components/ui/input.tsx": 1775683654.8959165,
  "frontend/src/components/ui/sheet.tsx": 1775683654.8959165,
  "frontend/src/components/ui/card.tsx": 1775682973.7626045,
  "frontend/src/components/ui/dialog.tsx": 1775683654.8959165,
  "frontend/src/components/ui/alert.tsx": 1775683087.3756564,
  "frontend/src/components/ui/tooltip.tsx": 1775820870.0853577,
  "frontend/src/components/ui/select.tsx": 1775683654.8959165,
  "frontend/src/components/ui/skeleton.tsx": 1775683021.6350594,
  "frontend/src/components/ui/form.tsx": 1775683087.3756564,
  "frontend/src/types/index.ts": 1776091902.0132728,
  "frontend/src/hooks/useTemplates.ts": 1775843148.4018986,
  "frontend/src/hooks/useAgents.ts": 1775925138.730592,
  "frontend/src/hooks/useAutomation.ts": 1775821113.474018,
  "frontend/src/hooks/useConversations.ts": 1775763743.583264,
  "frontend/src/hooks/useRoles.ts": 1775925143.5746396,
  "frontend/src/hooks/useWhatsappAccounts.ts": 1775842447.4109564,
  "frontend/src/hooks/useWorkspaceSettings.ts": 1775762386.8717377,