{
  "backend/prisma.config.ts": 1775673814.4278212,
  "backend/prisma/seeds/permissions.seed.ts": 1775675829.7832313,
  "backend/test/app.e2e-spec.ts": 1775673569.5989304,
  "backend/src/app.controller.ts": 1775673569.5989304,
  "backend/src/app.controller.spec.ts": 1775673569.5989304,
  "backend/src/app.service.ts": 1775673569.5989304,
  "backend/src/app.module.ts": 1775737598.953038,
  "backend/src/main.ts": 1775676222.6334376,
  "backend/src/queues/flow-delay.processor.ts": 1775737907.485403,
  "backend/src/queues/follow-up.processor.ts": 1775737900.3932993,
  "backend/src/queues/queues.module.ts": 1775737892.137179,
  "backend/src/queues/auto-close.processor.ts": 1775737904.9933667,
  "backend/src/queues/queues.constants.ts": 1775737878.4369793,
  "backend/src/queues/scheduler.service.ts": 1775737896.4452417,
  "backend/src/prisma/prisma.service.ts": 1775674295.6697853,
  "backend/src/prisma/prisma.module.ts": 1775673908.0161858,
  "backend/src/users/users.service.ts": 1775675890.7595809,
  "backend/src/users/users.module.ts": 1775675901.7556436,
  "backend/src/users/users.controller.ts": 1775675898.7636266,
  "backend/src/users/dto/invite-user.dto.ts": 1775675867.0634456,
  "backend/src/users/dto/update-user.dto.ts": 1775675870.5434654,
  "backend/src/teams/teams.controller.ts": 1775676189.105253,
  "backend/src/teams/teams.module.ts": 1775676193.849279,
  "backend/src/teams/teams.service.ts": 1775676181.5852113,
  "backend/src/teams/dto/create-team.dto.ts": 1775676160.877097,
  "backend/src/teams/dto/update-team.dto.ts": 1775676164.489117,
  "backend/src/conversations/conversations.module.ts": 1775763700.8389912,
  "backend/src/conversations/conversations.service.ts": 1775763713.0070703,
  "backend/src/conversations/conversations.controller.ts": 1775763721.2711234,
  "backend/src/conversations/dto/assign-conversation.dto.ts": 1775674672.5714216,
  "backend/src/auth/auth.service.ts": 1775676011.552265,
  "backend/src/auth/auth.module.ts": 1775674115.4970274,
  "backend/src/auth/auth.controller.ts": 1775673959.0283887,
  "backend/src/auth/dto/login.dto.ts": 1775673929.9282727,
  "backend/src/auth/dto/register.dto.ts": 1775673933.572287,
  "backend/src/auth/strategies/jwt.strategy.ts": 1775674096.9409504,
  "backend/src/permissions/permissions.service.ts": 1775675948.65591,
  "backend/src/permissions/permissions.module.ts": 1775673777.2916796,
  "backend/src/permissions/permissions.controller.ts": 1775675952.2839305,
  "backend/src/common/guards/jwt-auth.guard.ts": 1775673947.068341,
  "backend/src/common/guards/permissions.guard.ts": 1775673952.0123608,
  "backend/src/common/guards/webhook-signature.guard.ts": 1775676211.589377,
  "backend/src/common/decorators/permissions.decorator.ts": 1775673943.836328,
  "backend/src/common/decorators/current-user.decorator.ts": 1775673940.6083152,
  "backend/src/messages/messages.module.ts": 1775741018.2671256,
  "backend/src/messages/messages.controller.ts": 1775763734.0792046,
  "backend/src/messages/messages.service.ts": 1775763727.7231643,
  "backend/src/messages/dto/send-message.dto.ts": 1775675325.848154,
  "backend/src/contacts/contacts.module.ts": 1775758113.2360866,
  "backend/src/contacts/contacts.service.ts": 1775758057.6317828,
  "backend/src/contacts/contacts.controller.ts": 1775758068.9358444,
  "backend/src/contacts/dto/contact.dto.ts": 1775758035.1676605,
  "backend/src/whatsapp/whatsapp.service.ts": 1775741007.0951076,
  "backend/src/whatsapp/whatsapp.controller.ts": 1775676236.9575164,
  "backend/src/whatsapp/whatsapp.module.ts": 1775740989.5870824,
  "backend/src/whatsapp/dto/webhook.dto.ts": 1775674607.7551367,
  "backend/src/workspaces/workspaces.service.ts": 1775757697.2538638,
  "backend/src/workspaces/workspaces.module.ts": 1775757720.041982,
  "backend/src/workspaces/workspaces.controller.ts": 1775757829.2025545,
  "backend/src/workspaces/dto/follow-up-rule.dto.ts": 1775757688.937821,
  "backend/src/workspaces/dto/workspace-settings.dto.ts": 1775757686.7818098,
  "backend/src/pipelines/pipelines.controller.ts": 1775758108.760062,
  "backend/src/pipelines/pipelines.module.ts": 1775758116.9081066,
  "backend/src/pipelines/pipelines.service.ts": 1775758093.2359772,
  "backend/src/pipelines/dto/pipeline.dto.ts": 1775758039.0316815,
  "backend/src/gateway/gateway.module.ts": 1775674664.727387,
  "backend/src/gateway/events.gateway.ts": 1775674661.111371,
  "backend/src/roles/roles.module.ts": 1775675960.5799775,
  "backend/src/roles/roles.service.ts": 1775675937.0838444,
  "backend/src/roles/roles.controller.ts": 1775675943.7558823,
  "backend/src/roles/dto/update-role-permissions.dto.ts": 1775675924.1677713,
  "backend/src/roles/dto/create-role.dto.ts": 1775675921.295755,
  "backend/src/automation/flow-executor.service.ts": 1775737592.1329455,
  "backend/src/automation/automation.module.ts": 1775737583.956835,
  "backend/src/automation/automation.controller.ts": 1775677933.3627818,
  "backend/src/automation/flows.service.ts": 1775677898.662651,
  "backend/src/automation/dto/create-flow.dto.ts": 1775677888.1226115,
  "frontend/next.config.ts": 1775676663.779832,
  "frontend/next-env.d.ts": 1775676663.779832,
  "frontend/src/contexts/AuthContext.tsx": 1775676770.8924062,
  "frontend/src/components/MessageBubble.tsx": 1775681374.5393028,
  "frontend/src/components/ConversationItem.tsx": 1775681360.8152454,
  "frontend/src/components/Sidebar.tsx": 1775681340.9431624,
  "frontend/src/components/ui/separator.tsx": 1775683654.8959165,
  "frontend/src/components/ui/button.tsx": 1775683654.8959165,
  "frontend/src/components/ui/textarea.tsx": 1775683654.8959165,
  "frontend/src/components/ui/badge.tsx": 1775682973.7626045,
  "frontend/src/components/ui/label.tsx": 1775683654.8959165,
  "frontend/src/components/ui/scroll-area.tsx": 1775683654.8959165,
  "frontend/src/components/ui/avatar.tsx": 1775683654.8959165,
  "frontend/src/components/ui/input.tsx": 1775683654.8959165,
  "frontend/src/components/ui/sheet.tsx": 1775683654.8959165,
  "frontend/src/components/ui/card.tsx": 1775682973.7626045,
  "frontend/src/components/ui/dialog.tsx": 1775683654.8959165,
  "frontend/src/components/ui/alert.tsx": 1775683087.3756564,
  "frontend/src/components/ui/tooltip.tsx": 1775820870.0853577,
  "frontend/src/components/ui/select.tsx": 1775683654.8959165,
  "frontend/src/components/ui/skeleton.tsx": 1775683021.6350594,
  "frontend/src/components/ui/form.tsx": 1775683087.3756564,
  "frontend/src/types/index.ts": 1775676746.756277,
  "frontend/src/hooks/useAutomation.ts": 1775821113.474018,
  "frontend/src/hooks/useConversations.ts": 1775763743.583264,
  "frontend/src/hooks/useWorkspaceSettings.ts": 1775762386.8717377,
  "frontend/src/hooks/useSocket.ts": 1775676785.3044834,
  "frontend/src/hooks/useContacts.ts": 1775762400.4677246,
  "frontend/src/features/crm/components/contacts-page.tsx": 1775758189.916508,
  "frontend/src/features/crm/components/kanban-page.tsx": 1775758234.5647545,
  "frontend/src/features/conversations/components/conversation-empty-state.tsx": 1775683407.2942092,
  "frontend/src/features/conversations/components/message-bubble.tsx": 1775763758.971359,
  "frontend/src/features/conversations/components/conversation-thread.tsx": 1775821000.5536907,
  "frontend/src/features/auth/components/auth-shell.tsx": 1775683217.4887562,
  "frontend/src/features/auth/components/register-form.tsx": 1775683660.771955,
  "frontend/src/features/auth/components/login-form.tsx": 1775683660.771955,
  "frontend/src/features/settings/components/settings-page.tsx": 1775760792.6063673,
  "frontend/src/features/dashboard/components/dashboard-sidebar.tsx": 1775820921.729483,
  "frontend/src/features/dashboard/components/dashboard-overview.tsx": 1775683331.6816487,
  "frontend/src/features/automation/components/flow-editor-dialog.tsx": 1775683738.500459,
  "frontend/src/features/automation/components/flow-card.tsx": 1775821186.6182458,
  "frontend/src/app/layout.tsx": 1775683087.3756564,