{
  "backend/src/app.controller.ts": 1775673569.5989304,
  "backend/src/app.controller.spec.ts": 1775673569.5989304,
  "backend/src/app.service.ts": 1775673569.5989304,
  "backend/src/app.module.ts": 1776348619.8963258,
  "backend/src/main.ts": 1776285962.2176902,
  "backend/src/templates/templates.service.ts": 1776348876.908148,
  "backend/src/templates/templates.module.ts": 1775842940.4689832,
  "backend/src/templates/templates.controller.ts": 1776348293.1479409,
  "backend/src/templates/templates-poll.processor.ts": 1776183756.9079535,
  "backend/src/templates/dto/create-template.dto.ts": 1776101573.4179976,
  "backend/src/metrics/metrics.module.ts": 1776284345.145043,
  "backend/src/metrics/metrics.controller.ts": 1776285962.2176902,
  "backend/src/metrics/metrics.service.ts": 1776284360.9250586,
  "backend/src/queues/auto-close.processor.spec.ts": 1776347622.2883298,
  "backend/src/queues/flow-delay.processor.ts": 1776090791.1294377,
  "backend/src/queues/follow-up.processor.ts": 1776183802.0645385,
  "backend/src/queues/flow-reply-timeout.processor.ts": 1776167371.1057343,
  "backend/src/queues/queues.module.ts": 1776281723.4517922,
  "backend/src/queues/outbound-message.processor.ts": 1776286012.9621968,
  "backend/src/queues/auto-close.processor.ts": 1776268865.7501705,
  "backend/src/queues/queues.constants.ts": 1776281424.5828805,
  "backend/src/queues/follow-up.processor.spec.ts": 1776347593.476174,
  "backend/src/queues/scheduler.service.ts": 1776167371.1057343,
  "backend/src/interactive-templates/interactive-templates.controller.ts": 1776269920.9031498,
  "backend/src/interactive-templates/interactive-templates.service.ts": 1776182595.2753966,
  "backend/src/interactive-templates/interactive-templates.module.ts": 1776182595.2753966,
  "backend/src/interactive-templates/dto/update-interactive-template.dto.ts": 1776182595.2753966,
  "backend/src/interactive-templates/dto/create-interactive-template.dto.ts": 1776182595.2753966,
  "backend/src/health/health.controller.ts": 1776092811.4810777,
  "backend/src/prisma/prisma.service.ts": 1776183756.9039533,
  "backend/src/prisma/prisma.module.ts": 1775673908.0161858,
  "backend/src/users/users.service.ts": 1776348067.3067281,
  "backend/src/users/users.module.ts": 1775675901.7556436,
  "backend/src/users/users.controller.ts": 1776348085.0588233,
  "backend/src/users/dto/invite-user.dto.ts": 1776090791.1294377,
  "backend/src/users/dto/update-user.dto.ts": 1775675870.5434654,
  "backend/src/teams/teams.controller.ts": 1776348209.7754934,
  "backend/src/teams/teams.module.ts": 1775676193.849279,
  "backend/src/teams/teams.service.ts": 1776348184.0953555,
  "backend/src/teams/dto/create-team.dto.ts": 1775676160.877097,
  "backend/src/teams/dto/update-team.dto.ts": 1775676164.489117,
  "backend/src/conversations/conversations.module.ts": 1775925363.692715,
  "backend/src/conversations/conversations.service.ts": 1776348325.8401163,
  "backend/src/conversations/conversations.service.spec.ts": 1776286168.9396462,
  "backend/src/conversations/conversations.controller.ts": 1776348337.8361807,
  "backend/src/conversations/dto/assign-conversation.dto.ts": 1775674672.5714216,
  "backend/src/conversations/dto/initiate-conversation.dto.ts": 1776102160.8003247,
  "backend/src/auth/auth.service.ts": 1776355239.4566243,
  "backend/src/auth/auth.module.ts": 1776355213.3365138,
  "backend/src/auth/auth.controller.ts": 1776193146.050603,
  "backend/src/auth/dto/login.dto.ts": 1775673929.9282727,
  "backend/src/auth/dto/register.dto.ts": 1776090791.1294377,
  "backend/src/auth/dto/refresh.dto.ts": 1776192452.0669563,
  "backend/src/auth/strategies/jwt.strategy.ts": 1776355213.340514,
  "backend/src/permissions/permissions.service.ts": 1775675948.65591,
  "backend/src/permissions/permissions.module.ts": 1776090791.1294377,
  "backend/src/permissions/permissions.controller.ts": 1775675952.2839305,
  "backend/src/audit/audit.module.ts": 1776347964.846177,
  "backend/src/audit/audit.service.ts": 1776348366.9683368,
  "backend/src/common/interceptors/metrics.interceptor.ts": 1776286239.7722595,
  "backend/src/common/guards/jwt-auth.guard.ts": 1775673947.068341,
  "backend/src/common/guards/permissions.guard.ts": 1776270071.6958785,
  "backend/src/common/guards/webhook-signature.guard.ts": 1776348876.912148,
  "backend/src/common/middleware/correlation-id.middleware.ts": 1776283173.760582,
  "backend/src/common/decorators/permissions.decorator.ts": 1776269920.8911498,
  "backend/src/common/decorators/current-user.decorator.ts": 1776183463.1876948,
  "backend/src/common/logger/app-logger.service.ts": 1776285962.2176902,
  "backend/src/common/services/encryption.module.ts": 1776348611.92819,
  "backend/src/common/services/encryption.service.ts": 1776348608.5121312,
  "backend/src/common/filters/sentry-exception.filter.ts": 1776285962.2176902,
  "backend/src/common/utils/business-hours.util.spec.ts": 1776285025.6611092,
  "backend/src/common/utils/business-hours.util.ts": 1776119898.7811139,
  "backend/src/quick-replies/quick-replies.module.ts": 1775925290.5760438,
  "backend/src/quick-replies/quick-replies.controller.ts": 1776270087.291954,
  "backend/src/quick-replies/quick-replies.service.ts": 1776090791.1294377,
  "backend/src/quick-replies/dto/create-quick-reply.dto.ts": 1775925269.2638452,
  "backend/src/quick-replies/dto/update-quick-reply.dto.ts": 1775925272.351874,
  "backend/src/messages/messages.service.spec.ts": 1776285962.2176902,
  "backend/src/messages/messages.module.ts": 1775741018.2671256,
  "backend/src/messages/messages.controller.ts": 1776281579.1033018,
  "backend/src/messages/messages.service.ts": 1776286012.9621968,
  "backend/src/messages/dto/send-message.dto.ts": 1776189042.2345092,
  "backend/src/contacts/contacts.module.ts": 1776113374.7270577,
  "backend/src/contacts/contacts.service.ts": 1776267991.0179493,
  "backend/src/contacts/contacts.controller.ts": 1776348479.4177325,
  "backend/src/contacts/contact-import.processor.ts": 1775843750.6886377,
  "backend/src/contacts/dto/contact.dto.ts": 1776120738.581296,
  "backend/src/config/env.validation.ts": 1776355213.340514,
  "backend/src/whatsapp/whatsapp.service.spec.ts": 1776347246.0302854,
  "backend/src/whatsapp/whatsapp.service.ts": 1776348876.912148,
  "backend/src/whatsapp/whatsapp-meta-client.service.ts": 1776285962.2176902,
  "backend/src/whatsapp/whatsapp.controller.ts": 1776183756.9079535,
  "backend/src/whatsapp/whatsapp.module.ts": 1776285962.2176902,
  "backend/src/whatsapp/dto/webhook.dto.ts": 1776189082.2786012,
  "backend/src/workspaces/workspaces.service.ts": 1776348649.060813,
  "backend/src/workspaces/workspaces.module.ts": 1775757720.041982,
  "backend/src/workspaces/workspaces.controller.ts": 1776348238.411647,
  "backend/src/workspaces/dto/follow-up-rule.dto.ts": 1776090791.1294377,
  "backend/src/workspaces/dto/whatsapp-account.dto.ts": 1776177323.5175772,
  "backend/src/workspaces/dto/workspace-settings.dto.ts": 1776090791.1294377,
  "backend/src/pipelines/pipelines.controller.ts": 1776183576.6174467,
  "backend/src/pipelines/pipelines.module.ts": 1776113391.1190922,
  "backend/src/pipelines/pipelines.service.ts": 1776113384.975079,
  "backend/src/pipelines/dto/pipeline.dto.ts": 1776090791.1294377,
  "backend/src/gateway/gateway.module.ts": 1775674664.727387,
  "backend/src/gateway/events.gateway.ts": 1776192484.1671252,
  "backend/src/roles/roles.module.ts": 1775675960.5799775,
  "backend/src/roles/roles.service.ts": 1776348135.6430953,
  "backend/src/roles/roles.controller.ts": 1776348150.7231762,
  "backend/src/roles/dto/update-role-permissions.dto.ts": 1775675924.1677713,
  "backend/src/roles/dto/create-role.dto.ts": 1775675921.295755,
  "backend/src/automation/flow-variable.util.ts": 1776183463.1916947,
  "backend/src/automation/flow-executor.service.ts": 1776200152.665644,
  "backend/src/automation/automation.module.ts": 1776166877.227043,
  "backend/src/automation/automation.controller.ts": 1776269920.9031498,